Are you currently a BYU undergraduate student?,Are you enrolled full-time this semester (12 or more credits)?,"During a typical semester, do you purchase lunch or dinner for yourself at least once per week?",What specific meal are you thinking of as your go-to fast-food option?,"On a scale from 1 to 10, how appealing is FreshPrep Bowl to you overall?
(1 = Not appealing at all, 10 = Extremely appealing) - Group",wowA,What do you like most about FreshPrep Bowl?,What concerns you or gives you pause about FreshPrep Bowl?,"On a scale from 1 to 10, how appealing is your go-to fast-food meal to you overall? - Group",wowB,wtpA,wtpB,qA_00,qB_00,qA_0B,qB_0B,qA_A0,qB_A0,qA_AB,qB_AB,How many credits are you taking this semester?,Which best describes your primary field of study? - Selected Choice,Which best describes your primary field of study? - Other - Text,How often do you purchase lunch or dinner on or near campus during a typical week?,Which best describes how you typically decide what to eat during the week?,How constrained does your food budget feel during a typical semester?,How important is eating a healthier option when choosing meals during the week?
,,,,,,,,,,12,12,8,2,10,0,4,6,4,3,Less than 12 credits,Business,,About half the time,"I sometimes plan, but often decide as I go",4,Extremely important
Yes,Yes,Yes,A,Passive,7,Healthy,Cost,Detractor,5,8,8,7,7,14,0,0,14,2,1,12-14 credits,Business,,About half the time,"I sometimes plan, but often decide as I go",3,Very important
Yes,Yes,Yes,Subway Sandwich ,Passive,8,I like that it is very healthy and probably still tastes good,It may not be easy to eat as I walk ,Passive,8,12,12,14,14,14,0,0,14,0,1,12-14 credits,Business,,Sometimes,I often delay or skip meals due to time pressure,2,Moderately important
Yes,Yes,Yes,one-fast-food-meal,Detractor,6,The protein of my choice,The description of this food makes it sound not so appealing,Promoter,10,8,15,0,7,7,0,0,7,3,0,15-18 credits,Business,,Sometimes,I usually decide in the moment based on convenience,Not at all constrained,Moderately important
Yes,Yes,Yes,Chipotle Burrito,Passive,8,It can be eaten hot or cold and it's already prepared.,If the protein source is enough,Promoter,10,9,13,5,10,7,4,3,14,3,4,12-14 credits,Business,,About half the time,"I sometimes plan, but often decide as I go",4,Extremely important
No,Yes,Yes,Chic Fila,Promoter,10,"Higher protein levels, healthier option, and veggie source","Some bowls don’t have fresh protein source. Also, sometimes more veggies than filling ingredients. Sometimes you eat the meal and are still hungry afterwards or not satisfied.",Promoter,10,18,15,14,0,14,0,2,12,3,2,15-18 credits,Business,,Sometimes,I usually decide in the moment based on convenience,4,Very important
Yes,Yes,Yes,cafe rio,Promoter,9,that it is fast and I can bring it to work/school. Like meal prep but without doing it,that it isn't enough food. Or that it is in plastic containers (prefer glass).,Promoter,9,5,13,7,7,11,1,7,7,6,1,15-18 credits,Business,,Sometimes,I plan meals ahead of time,3,Very important
Yes,Yes,Yes,A,Promoter,9,healthy,may not be healthy enough or taste bad,Detractor,3,12,8,6,0,6,0,2,3,2,0,12-14 credits,Business,,Sometimes,"I sometimes plan, but often decide as I go",2,Extremely important
Yes,Yes,Yes,B,Detractor,6,Protein,It won’t be very fresh.,Promoter,10,5,12,0,3,0,3,0,3,0,3,15-18 credits,Business,,Sometimes,"I sometimes plan, but often decide as I go",Not at all constrained,Moderately important
Yes,Yes,No,Cafe Rio Salad,Passive,7,I like how quick I can eat it and that it is a fast/healthy option. ,How much it costs. ,Passive,8,4,5,10,3,10,1,1,3,1,0,15-18 credits,Business,,Never,I often delay or skip meals due to time pressure,Extremely constrained,Extremely important
Yes,Yes,Yes,Product B,Detractor,2,It is a healthy option,Probably expensive,Passive,8,10,10,0,4,1,1,0,4,0,1,12-14 credits,Business,,Sometimes,I often delay or skip meals due to time pressure,Extremely constrained,Moderately important
Yes,Yes,Yes,Carls Jr- Famous Star meal,Passive,7,balanced meal,"unsure of price
Is it precooked and cold or hot?",Passive,7,8,7,2,2,10,1,2,10,2,2,15-18 credits,Business,,Sometimes,"I sometimes plan, but often decide as I go",2,Moderately important
Yes,Yes,No,Freshprep - I like anything healthy,Passive,8,Healthiness and ease,It has to be cheaper or worth the time I save making my own meal prep meals. ,Detractor,0,6,0,21,0,21,0,1,0,1,0,15-18 credits,Business,,Sometimes,"I sometimes plan, but often decide as I go",Extremely constrained,Extremely important
Yes,No,Yes,McDonalds $5 meal deal,Passive,8,I like that it is healthy and very low prep time if at all.,"As with most healthy things, i just don't think it would be more expensive and become less appealing because of price. I usually look for some of the cheapest deals.",Detractor,6,8,6,7,0,7,0,0,7,3,4,Less than 12 credits,Business,,About half the time,I usually decide in the moment based on convenience,Extremely constrained,Moderately important
Yes,Yes,No,Zao Asain cafe rice bowl,Detractor,5,It's well balanced and convenient ,I have no idea how good the food is,Passive,7,0,15,2,5,6,1,2,5,6,1,15-18 credits,Business,,Never,I often delay or skip meals due to time pressure,Extremely constrained,Moderately important
Yes,Yes,Yes,McDonalds,Passive,7,Balanced meal,Freshness of food,Passive,7,12,12,4,3,4,1,0,3,1,1,15-18 credits,Business,,Sometimes,"I sometimes plan, but often decide as I go",2,Moderately important
Yes,Yes,No,"Costa Vida - meat, veggies, carbs bowl/salad",Detractor,3,I like that it is a healthier option,"It sounds like the exact same thing as Choices, which is a restaurant that is already in the WILK. It isn't very good and if that was a meal prep that someone had to buy, I think they would get sick of it so fast...if it was something similar Aubergine, that would be a lot better. It really depends on the quality of food. ",Detractor,1,8,11,4,1,5,0,3,2,4,1,More than 18 credits,Business,,Almost always,"I sometimes plan, but often decide as I go",2,Very important
Yes,Yes,Yes,Sandwich,Passive,8,It's fresh,It's expensive,Passive,7,8,10,7,3,7,0,0,7,5,2,15-18 credits,Business,,Sometimes,I usually decide in the moment based on convenience,2,Very important
Yes,Yes,Yes,Burger,Detractor,0,I don’t,There are lots of services already and im loyal to my brands,Promoter,10,0,21,0,9,2,3,0,10,3,1,12-14 credits,Business,,Sometimes,"I sometimes plan, but often decide as I go",3,Slightly important
Yes,Yes,Yes,Daves hot chicken,Passive,8,It seems like it would be clean ingredients and overall very healthy.,Food like this tends to be either too expensive or they do not put enough food in it.,Promoter,10,12,25,10,5,10,1,1,5,1,1,15-18 credits,Business,,Sometimes,I plan meals ahead of time,Not at all constrained,Moderately important
Yes,Yes,No,Chicken Strips,Promoter,10,"Feel better, same convenience",Price,Detractor,4,8,8,10,1,10,0,2,2,3,0,15-18 credits,Business,,Never,"I sometimes plan, but often decide as I go",3,Extremely important
Yes,Yes,Yes,Taco Bell ,Passive,8,It cna be cold or hot ,if its healthy food and its in a container for several days it doesn’t sound appealing ,Detractor,6,10,4,6,3,6,2,1,4,1,2,15-18 credits,Business,,Never,"I sometimes plan, but often decide as I go",3,Very important
Yes,Yes,No,cafe rio burrito,Detractor,2,in a bowl,expensive,Promoter,10,2,2,60,60,60,0,0,60,0,1,15-18 credits,Business,,Sometimes,I often delay or skip meals due to time pressure,Extremely constrained,Very important
Yes,Yes,Yes,Burrito ,Promoter,10,On the go,Quality ,Detractor,0,10,6,5,2,5,0,5,2,5,0,15-18 credits,Business,,Sometimes,I often delay or skip meals due to time pressure,3,Extremely important
Yes,Yes,Yes,B,Detractor,5,Healthy and colorful,“Refrigerated protein” — makes me think of cold canned chicken or cubed ham which I usually dislike.,Passive,8,6,6,1,4,4,1,0,5,1,2,12-14 credits,Business,,About half the time,I usually decide in the moment based on convenience,4,Moderately important
Yes,Yes,Yes,Product B,Passive,7,The ease of eating it whenever. Whether is cold or warm,Doesn’t quite get me the same amount a combo would,Passive,7,10,12,3,3,5,1,1,5,1,1,12-14 credits,Business,,Sometimes,"I sometimes plan, but often decide as I go",3,Moderately important
Yes,Yes,Yes,Chick-fil-a grilled nugget meal ,Promoter,10,I like the healthy option and the convenience to campus. ,I like healthy options like this so no big concerns. ,Promoter,10,12,10,4,3,7,0,0,7,3,4,15-18 credits,Business,,Sometimes,I plan meals ahead of time,4,Very important
Yes,Yes,Yes,Panda Express Plate,Promoter,9,The healthy nature of the food I’m getting ,Variety ,Passive,8,15,12,2,0,2,0,1,1,1,0,15-18 credits,Business,,Sometimes,I plan meals ahead of time,4,Very important
Yes,Yes,Yes,Canes,Passive,8,I like that it is easy to go and it sounds like it would be healthier ,Price and customizability ,Passive,7,6,10,4,3,6,0,3,4,6,0,12-14 credits,Business,,Sometimes,I usually decide in the moment based on convenience,4,Very important
Yes,Yes,Yes,A sandwich combo,Promoter,9,The fact that it is convenient and healthy,The freshness of the meal,Passive,7,15,12,4,2,5,0,1,3,2,1,15-18 credits,Business,,Sometimes,I plan meals ahead of time,3,Very important
Yes,Yes,Yes,Burrito from blue line ,Passive,7,It is healthy,Is it cold/needs to be microwaved?,Passive,8,9,9,2,3,2,1,1,3,1,1,12-14 credits,Business,,Sometimes,I usually decide in the moment based on convenience,2,Very important
Yes,Yes,No,Wendy’s (out of what’s on campus),Passive,7,"Convenient, clean, works well with current diet and nutrition goals","Flavor. Similar solutions are pricey and not very flavorful, and usually still lack adequate protein amount",Detractor,5,8,6,7,7,7,0,1,3,1,1,15-18 credits,Business,,Sometimes,I plan meals ahead of time,4,Very important
Yes,Yes,Yes,In N Out,Promoter,10,"Health option, veggies, and protein",Expense,Promoter,10,12,10,7,7,6,1,1,6,4,3,12-14 credits,Business,,About half the time,"I sometimes plan, but often decide as I go",2,Moderately important
Yes,Yes,Yes,Chick fil a nuggets ,Passive,8,Healthy,Price,Detractor,5,10,8,5,1,6,1,5,1,5,1,12-14 credits,Business,,Sometimes,I usually decide in the moment based on convenience,Not at all constrained,Very important
Yes,Yes,Yes,Jamba Juice Peanut Butter Moo’d,Passive,7,I like that it’s a balanced diet. ,Pricing. ,Passive,8,11,12,2,1,3,1,1,1,1,1,12-14 credits,Business,,Sometimes,"I sometimes plan, but often decide as I go",3,Very important
Yes,Yes,Yes,Burger & Fries,Detractor,4,Convenience,"I need to refrigerate it, not always most ideal at school, price maybe",Passive,7,4,10,2,7,2,3,2,7,2,2,15-18 credits,Business,,About half the time,I plan meals ahead of time,3,Moderately important
Yes,Yes,Yes,Burgers and fries,Passive,7,That it won’t make me feel gross,I think that it will be bad. Like cafeteria food,Detractor,6,8,6,1,2,10,0,2,10,7,3,12-14 credits,Business,,Sometimes,I often delay or skip meals due to time pressure,3,Moderately important
Yes,Yes,Yes,Fast food,Passive,8,I like how healthy it is!,"I only buy meals when I'm on a date with my wife or when I'm networking. I don't like the idea of slop bowls (rice, meat, veggies all thrown together in a bowl with maybe some sauce) and so I'm hesitant to try it.",Promoter,9,7,15,4,1,4,1,1,1,1,1,15-18 credits,Business,,Sometimes,"I sometimes plan, but often decide as I go",3,Very important
Yes,Yes,Yes,A,Promoter,10,Fresh,Ingredients,Detractor,0,8,0,7,0,7,0,7,0,7,0,15-18 credits,Business,,Sometimes,I plan meals ahead of time,2,Extremely important
Yes,Yes,Yes,product B,Detractor,5,I just want to know how much it costs.,How much it costs.,Detractor,5,4,4,0,12,10,2,0,12,0,12,12-14 credits,Business,,Almost always,I often delay or skip meals due to time pressure,Extremely constrained,Not at all important
Yes,Yes,No,Chipotle ,Detractor,2,I like that it’s not unhealthy,I bet it’s pretty expensive ,Passive,7,6,8,5,5,10,0,0,10,5,5,15-18 credits,Business,,Never,"I sometimes plan, but often decide as I go",4,Very important
Yes,Yes,No,burger combo,Promoter,9,I like that it is clean food and healthier than fast food. I like that it would be high in protein. ,Sometimes pre made bowls like that do not taste very good.,Detractor,5,10,8,6,1,7,0,2,5,1,0,15-18 credits,Business,,Sometimes,I plan meals ahead of time,Not at all constrained,Extremely important
No,Yes,No,Chow Mein & Bejing Beef,Promoter,10,Easy and fast,Ingredients,Promoter,10,6,10,2,1,2,0,0,1,1,1,15-18 credits,Business,,Sometimes,I often delay or skip meals due to time pressure,2,Very important
Yes,Yes,Yes,A,Promoter,10,High protein and clean ,Not really anything ,Detractor,6,13,10,15,1,20,0,3,10,5,0,12-14 credits,Business,,Sometimes,I usually decide in the moment based on convenience,2,Extremely important
Yes,Yes,Yes,Chick-fil-A,Passive,8,That I know it is a healthy source of food,The cost,Detractor,5,12,12,7,3,7,1,3,3,3,1,12-14 credits,Business,,Sometimes,"I sometimes plan, but often decide as I go",3,Very important
Yes,Yes,Yes,Fresh prep,Promoter,10,Complete meal,I don’t want processed foods or sugars,Detractor,2,10,10,10,0,10,0,7,3,7,0,12-14 credits,Business,,About half the time,"I sometimes plan, but often decide as I go",3,Extremely important
Yes,Yes,Yes,"I just get protein shakes, protein bars, and fruit from campus because I measure my calories and those are easiest to track.",Promoter,10,"Likely to have good macros, be fresh (compared to protein bars) and feel good after.","Not good macros, price, quantity (I like to eat a lot).",Detractor,6,15,10,11,1,12,0,1,3,2,1,15-18 credits,Business,,Sometimes,I plan meals ahead of time,4,Extremely important
Yes,Yes,Yes,burrito,Promoter,9,it's healthy and easy,i am concerned about the price. typically these things are expensive,Promoter,10,5,10,3,2,5,0,0,4,4,1,12-14 credits,Business,,Sometimes,"I sometimes plan, but often decide as I go",3,Extremely important
Yes,Yes,No,Costa Vida: something healthy,Detractor,5,Its fresh,If it's too expensive ,Passive,7,6,5,3,1,6,1,3,6,3,4,15-18 credits,Business,,Most of the time,I plan meals ahead of time,2,Extremely important
Yes,Yes,Yes,Chipotle ,Passive,7,Easy ,Not tasting fresh or good,Passive,8,12,15,6,4,7,2,4,5,3,2,12-14 credits,Business,,Sometimes,"I sometimes plan, but often decide as I go",2,Very important
Yes,Yes,Yes,Luxe Craving Box from Taco Bell,Passive,8,It's a healthy option with high protein and carbs,Usually these meals are more expensive than typical fast food places,Detractor,5,9,7,7,0,7,0,0,7,1,2,15-18 credits,Business,,About half the time,I usually decide in the moment based on convenience,4,Very important
Yes,Yes,No,"Subway 6"" sub",Passive,8,"Healthy, and premade",Healthy food isn't cheap,Detractor,4,8,7,12,2,14,0,0,14,1,0,15-18 credits,Business,,Never,"I sometimes plan, but often decide as I go",3,Very important
No,Yes,Yes,McDonald's sausage egg and cheese breakfast sandwich,Promoter,10,Accessible and healthy,Most days that I need to grab a meal on the go are days when I failed to plan and crave comfort food.,Promoter,10,15,3,5,2,5,2,3,2,3,2,More than 18 credits,Business,,Sometimes,I plan meals ahead of time,Not at all constrained,Moderately important